Markdown Path,Markdown Filename,title,articleIndex,index,description,date,draft,contributors,contributor.role,contributor.name,contributor.headshot,contributor.caption,contributor.bio,articletype,azure_dir,header_image,header_image.filename,header_image.alt_text,tags,byline,subtitle,no_leaf_bug,Obsolete Front Matter
volume-viii-issue-1,trissell.md,Food Deserts in t...,9,trissell,,05/10/2022 15:22:00,False,1,author,Mikayla Trissell,Trissel-1-volume-...,Photo courtesy of...,Associate Editor ...,Investigation,rootstalk-2022-sp...,True,trissell-header.png,This header image...,,,,,[]
volume-viii-issue-1,hootstein.md,The Streets of Da...,12,hootstein,,05/10/2022 15:22:00,False,1,author,Avery Hootstein,Hootstein-1-volum...,Photo courtesy of...,Associate Editor ...,,rootstalk-2022-sp...,True,hootstein-header.png,This header image...," , ",,,,[]
volume-viii-issue-1,buck.md,In My Kansas Pasture,16,buck,,05/10/2022 15:22:00,False,1,Poet,Pasha Buck,buck-headshot.png,,Pasha Buck began ...,Poetry,rootstalk-2022-sp...,True,buck-header.png,This header image...,,,,,[]
volume-viii-issue-1,burchit.md,Warped Cherubs an...,22,burchit,,05/10/2022 15:22:00,False,1,author,Robby Burchit,Burchit-1-volume-...,All photos courte...,Associate Editor ...,,rootstalk-2022-sp...,True,burchit-header.png,This header image...," , ",,,,[]
volume-viii-issue-1,mcgary-adams-dubow-fay-stindt-schaefer.md,Growing Kin: Voic...,11,mcgary-adams-dubo...,,05/10/2022 15:22:00,False,5,author,Alice McGary,mcgary.png,,**Alice McGary** ...,,rootstalk-2022-sp...,True,mustard-header.png,This header image...," , ",Mustard Seed Farm...,,,[]
volume-viii-issue-1,obrien.md,A Woman and the Land,7,obrien,,05/10/2022 15:22:00,False,1,author,Denise O’Brien,obrien-1.png,All photos courte...,Denise O’Brien is...,Memoir,rootstalk-2022-sp...,True,obrien-header.png,This header image...,,,,,[]
volume-viii-issue-1,kessel.md,Prairie Style: Wr...,14,kessel,,05/10/2022 15:22:00,False,1,author,Harrison Kessel,kessel-1.png,Photo courtesy of...,Associate editor ...,,rootstalk-2022-sp...,True,kessel-header.png,This header image...,featured,,,,[]
volume-viii-issue-1,thompson.md,Dark Skies or Lig...,4,thompson,,05/10/2022 15:22:00,False,1,author,Zainab Thompson,Thompson-1-volume...,Photo courtesy of...,**Zainab Thompson...,,rootstalk-2022-sp...,True,thompson-header.png,This header image...," , ",,,,[]
volume-viii-issue-1,publisher.md,*Publisher’s Note...,1,publisher,,05/10/2022 15:22:00,False,1,Publisher,Jon Andelson,Andelson-1-volume...,Photo courtesy of...,Jon Andelson is t...,Publisher's Note,rootstalk-2022-sp...,True,andelson-header.png,This header image...," , ",,,,[]
volume-viii-issue-1,lewis-beck.md,Born to Fly,17,lewis-beck,,05/10/2022 15:22:00,False,1,author,Mike Lewis-Beck,Lewis-beck-1-volu...,Photo courtesy of...,Iowa City writer ...,Short Story,rootstalk-2022-sp...,True,lewis-beck-header...,This header image...,"featured,short story",,for AUR*,,[]
volume-viii-issue-1,woodpeckers-of-the-prairie.md,Woodpeckers of th...,6,woodpeckers-of-th...,,05/10/2022 15:22:00,False,1,Associate Editor,Fernando Villator...,Villatoro-1-volum...,Photo courtesy of...,Associate Editor ...,,rootstalk-2022-sp...,True,woodpecker-header...,This header image...," , ",,,True,[]
volume-viii-issue-1,macmoran.md,Finding Home on t...,5,macmoran,,05/10/2022 15:22:00,False,1,author,Ian MacMoran,MacMoran-1-volume...,Photo courtesy of...,Associate editor ...,,rootstalk-2022-sp...,True,macmoran-header.png,This header image...," , ",,,,[]
volume-viii-issue-1,munoz.md,Winter into Sprin...,3,munoz,,05/10/2022 15:22:00,False,1,Photographer,Oliver Mu&ntilde;oz,munoz-headshot.png,All photos courte...,**Oliver Mu&ntild...,Photo Essay,rootstalk-2022-sp...,True,munoz-header.png,," , ",,,,[]
volume-viii-issue-1,horan.md,Getting Lost in Ohio,13,horan,,05/10/2022 15:22:00,False,1,photographer,Sam Horan,horan-headshot.png,Photo by Henry Sh...,**Sam Horan** liv...,Photography,rootstalk-2022-sp...,True,horan-header.png,This header image...,,,,,[]
volume-viii-issue-1,burt.md,Fly Fishing in th...,18,burt,,05/10/2022 15:22:00,False,1,author,Michael Burt,Burt-1-volume-vii...,All images courte...,**Michael Burt** ...,,rootstalk-2022-sp...,True,burt-header.png,This header image...," , ",,,,[]
volume-viii-issue-1,agpoon.md,Exploring the Pra...,2,agpoon,,05/10/2022 15:22:00,False,1,Associate Editor,Hannah Agpoon,agpoon-1-volume-v...,All images courte...,**Hannah Agpoon**...,Editor's Note,rootstalk-2022-sp...,True,agpoon-header.png,This header image...,Editor's Note,,,,[]
volume-viii-issue-1,chen.md,*Grow Finish Unit...,8,chen,,05/10/2022 15:22:00,False,1,author,Jeremy Chen,chen-headshot.png,Photo courtesy of...,**Jeremy Chen** i...,Review,rootstalk-2022-sp...,True,chen-header.png,This header image...,,,,,[]
volume-viii-issue-1,gaddis.md,Blossom Aloe Exte...,20,gaddis,,05/10/2022 15:22:00,False,1,author,Xonzy Gaddis,gaddis-1-volume-v...,Photo courtesy of...,Associate Editor ...,Interview,rootstalk-2022-sp...,True,gaddis-header.png,This header image...,,,,,[]
volume-viii-issue-1,bradley.md,Looking for Commu...,21,bradley,,05/10/2022 15:22:00,False,1,author,Kendra Bradley,Bradley-1-volume-...,Photo courtesy of...,Associate editor ...,,rootstalk-2022-sp...,True,bradley-header.png,This header image...," , ",,,,[]
volume-viii-issue-1,taylor.md,Making Art with a...,19,taylor,,05/10/2022 15:22:00,False,1,author,Hannah Taylor,taylor-1.png,,**Hannah Taylor**...,,rootstalk-2022-sp...,True,taylor-header.png,This header image...," , ",,,,[]
volume-viii-issue-1,_index.md,"Volume VIII, Issue 1",,,Current Issue - S...,,,,,,,,,,rootstalk-2022-sp...,,,,,,,,"['sidebar', 'pid', 'issueIndex']"
volume-viii-issue-1,henry.md,Havensville,15,henry,,05/10/2022 15:22:00,False,1,author,Kay Henry,Henry-7-volume-vi...,Photo by Oscar La...,*Kay Henry* is a ...,Essay,rootstalk-2022-sp...,True,henry-header.png,This header image...,"featured,essay",,,,[]
volume-ii-issue-1,moffett-1.md,My Prairie,4,moffett-1,,03/06/2022 11:50:02,False,1,author,Betty Moffett,Betty_Moffett.png,Photo courtesy of...,Betty Moffett tau...,,rootstalk-2015-fall,,,,essay,,,,['azure_headerimage']
volume-ii-issue-1,filler-material-UNDONE.md,,15,filler-material,,03/06/2022 11:50:02,False,2,author,,,,,,rootstalk-2015-fall,,,," , ",,,,['azure_headerimage']
volume-ii-issue-1,mcilrath.md,"Such A Clean, Tid...",14,mcilrath,,03/06/2022 11:50:02,False,1,author,J. Harley McIlrath,Harley_June_2010_...,Photo courtesy of...,J. Harley McIlrat...,,rootstalk-2015-fall,,,,essay,,,,['azure_headerimage']
volume-ii-issue-1,wolf.md,Close-up: Robert ...,13,wolf,,03/06/2022 11:50:02,False,1,author,Robert Wolf,Best_Head_Shot.jpg,Photo courtesy of...,,,rootstalk-2015-fall,,,,closeup,,,,['azure_headerimage']
volume-ii-issue-1,editor.md,Editors’ Notes,2,editor,,03/06/2022 11:50:02,False,2,author,Emma Thomasch,IMG_3053.jpg,Photo courtesy of...,,,rootstalk-2015-fall,,,,"editor's note,essay",,,,['azure_headerimage']
volume-ii-issue-1,kirschenmann.md,From Soil to Sust...,12,kirschenmann,,03/06/2022 11:50:02,False,1,author,Frederick L. Kirs...,Kirschenmann.png,Photo courtesy of...,Frederick L. Kirs...,,rootstalk-2015-fall,,,,essay,,,,['azure_headerimage']
volume-ii-issue-1,scanbridge.md,Close-up: Diana S...,8,scanbridge,,03/06/2022 11:50:02,False,1,author,Diana Scandridge,Scandridge_headsh...,Photo courtesy of...,,,rootstalk-2015-fall,,,,"closeup,art",,,,['azure_headerimage']
volume-ii-issue-1,heath.md,,6,heath,,03/06/2022 11:50:02,False,1,author,Frank Heath,Heath_1.jpg,Photo courtesy of...,Frank Heath is a ...,,rootstalk-2015-fall,,,,essay,,,,['azure_headerimage']
volume-ii-issue-1,stowe.md,Swimming Upstream...,10,stowe,,03/06/2022 11:50:02,False,1,author,William G. Stowe,Bill_Stowe-2.jpg,Photo courtesy of...,Bill Stowe is the...,,rootstalk-2015-fall,,,," , ",,,,['azure_headerimage']
volume-ii-issue-1,whittaker.md,Tortoise Philosophy,7,whittaker,,03/06/2022 11:50:02,False,1,author,John C. Whittaker,JW_peasant_France...,Photo courtesy of...,John Whittaker ha...,,rootstalk-2015-fall,,,,essay,,,,['azure_headerimage']
volume-ii-issue-1,lahay.md,Puppy Mills in Iowa,11,lahay,,03/06/2022 11:50:02,False,1,author,Mary LaHay,Mary_LaHay.jpg,Photo courtesy of...,Mary LaHay lives ...,,rootstalk-2015-fall,,,,essay,,,,['azure_headerimage']
volume-ii-issue-1,hayworth-photos.md,Photo Essay,3,hayworth-photos,,03/06/2022 11:50:02,False,1,photographer,Justin Hayworth,Hayworth_2c_Justi...,Photo courtesy of...,[Justin Hayworth]...,Photo Essay,rootstalk-2015-fall,,,,photo essay,,,,['azure_headerimage']
volume-ii-issue-1,mutel.md,The Stories We Li...,9,mutel,,03/06/2022 11:50:02,False,1,author,Cornelia F. Mutel,Connie_Mutel.png,Photo courtesy of...,"Connie Mutel, a S...",,rootstalk-2015-fall,,,,essay,,,,['azure_headerimage']
volume-ii-issue-1,farewell-richard.md,"Farewell, Richard",1,farewell-richard,,03/06/2022 11:50:02,False,1,author,Jonathan Andelson,Jon_Headshot.jpg,Photo courtesy of...,,,rootstalk-2015-fall,,,,essay,,,,['azure_headerimage']
volume-ii-issue-1,moffett-2.md,The Real Deep Riv...,5,moffett-2,,03/06/2022 11:50:02,False,2,author,Sandy Moffett,Sandy_Burn.jpg,Photo courtesy of...,"Sandy Moffett, Em...",,rootstalk-2015-fall,,,,song,,,,['azure_headerimage']
volume-ii-issue-1,_index.md,"Volume II, Issue 1",,,Fall 2015,,,,,,,,,,rootstalk-2015-fall,,,,,,,,"['issueIndex', 'pid']"
volume-iii-issue-2,maher.md,"The Pines, in Con...",16,maher,,27/01/2022 15:12:56,False,1,author,Kelly Hansen Maher,IMG_2641.jpg,Photo courtesy of...,Kelly Hansen Mahe...,,rootstalk-2017-sp...,,,,essay,,,,['azure_headerimage']
volume-iii-issue-2,schwartz.md,Mushrooms in the ...,15,schwartz,,27/01/2022 15:12:56,False,3,interviewee,Glen Schwartz,Glenn_Schwartz_he...,Photo courtesy of...,Glen Schwartz  gr...,,rootstalk-2017-sp...,,,,interview,,,,['azure_headerimage']
volume-iii-issue-2,running.md,Cure,6,running,,27/01/2022 15:12:56,False,1,author,Lee Emma Running,Lee__012.jpg,Photo by Barry Ph...,*Lee Emma Running...,mixed media,rootstalk-2017-sp...,,,,"media,article",,,,['azure_headerimage']
volume-iii-issue-2,hanson.md,Obedience and Res...,10,hanson,,27/01/2022 15:12:56,False,1,author,John Lawrence Hanson,DSC_0102mcr.jpg,,[John Lawrence Ha...,,rootstalk-2017-sp...,,,,essay,,,,['azure_headerimage']
volume-iii-issue-2,neems.md,"Chore Boots, Chec...",14,neems,,27/01/2022 15:12:56,False,1,author,Sophie Neems,Sophie_LinkedIn_P...,Photo courtesy of...,Sophie Neems grad...,,rootstalk-2017-sp...,,,,essay,,,,['azure_headerimage']
volume-iii-issue-2,shukla.md,Drawings,5,shukla,,27/01/2022 15:12:56,False,1,author,Tara Shukla,headshot2.jpg,Photo by Anjali J...,Born and raised i...,,rootstalk-2017-sp...,,,,"essay,art",,,,['azure_headerimage']
volume-iii-issue-2,publisher.md,Publisher’s Note,1,publisher,,27/01/2022 15:12:56,False,1,publisher,Jon Andelson,Jon_Headshot.jpg,Photo courtesy of...,"Director, The Cen...",publisher's note,rootstalk-2017-sp...,True,publisher-header.jpg,Publisher Jon And...,"publisher's note,...",,,,[]
volume-iii-issue-2,editor.md,Editor's Note,2,editor,,27/01/2022 15:12:56,False,1,Editor-in-Chief,Mark Baechtel,MHB_headshot.jpg,,**Mark Baechtel**...,editor's note,rootstalk-2017-sp...,,,,editor's note,,,,['azure_headerimage']
volume-iii-issue-2,bergman.md,What is the Prair...,3,bergman,,27/01/2022 15:12:56,False,1,author,Cecilia Bergman,IMG_4933.jpg,Photo by Sonia Ch...,Cecilia is a seco...,infographic,rootstalk-2017-sp...,True,bergman-header.jpg,,infographic,,,,[]
volume-iii-issue-2,fellows.md,"Nostalgia, the Ni...",13,fellows,,27/01/2022 15:12:56,False,1,author,Will Fellows,FellowsWill-May20...,Photo by Richard ...,*Will Fellows* is...,,rootstalk-2017-sp...,,,,essay,,,,['azure_headerimage']
volume-iii-issue-2,stowe.md,Roots Talk! Episo...,12,stowe,,27/01/2022 15:12:56,False,2,interviewee,Bill Stowe,,,,,rootstalk-2017-sp...,,,,podcast interview...,,,,['azure_headerimage']
volume-iii-issue-2,cain.md,A Shared Heritage...,8,cain,,27/01/2022 15:12:56,False,1,author,Toby Cain,LJU_74222.jpg,Photo courtesy of...,A native of South...,,rootstalk-2017-sp...,,,,essay,,,,['azure_headerimage']
volume-iii-issue-2,rosburg.md,The Making of the...,17,rosburg,,27/01/2022 15:12:56,False,1,author,Thomas Rosburg,image_thomas_rosb...,Photo courtesy of...,Thomas Rosburg gr...,,rootstalk-2017-sp...,,,,essay,,,,['azure_headerimage']
volume-iii-issue-2,aschittino.md,My Growth at Must...,7,aschittino,,27/01/2022 15:12:56,False,1,author,Tristan Aschittino,Edited_Tristan.jpg,All photos courte...,Tristan Aschittin...,essay,rootstalk-2017-sp...,True,aschittino-header...,,essay,,,,[]
volume-iii-issue-2,brosseau.md,Ekphrasis* on the...,18,brosseau,,27/01/2022 15:12:56,False,2,author,Benjamin Brosseau,benjamin-brosseau...,Photo courtesy of...,*Benjamin Brossea...,,rootstalk-2017-sp...,,,,"poem,art,ekphrasis",Benjamin and Ther...,,,['azure_headerimage']
volume-iii-issue-2,birds-of-the-prairie.md,Birds of the Prairie,19,birds-of-the-prairie,,27/01/2022 15:12:56,False,,,,,,,,rootstalk-2017-sp...,True,birds-of-the-prai...,,"photography,mixed...",,,,[]
volume-iii-issue-2,gaunt.md,Bracing Her Feet:...,11,gaunt,,27/01/2022 15:12:56,False,2,author,Chris Gaunt,Screen_Shot_2017-...,Photo courtesy of...,Chris Gaunt is a ...,,rootstalk-2017-sp...,,,,interview,,,,['azure_headerimage']
volume-iii-issue-2,abdulkarim.md,A Syrian-American...,9,abdulkarim,Interview conduct...,27/01/2022 15:12:56,False,2,interviewee,Boraan Abdulkarim,Abdulkarim_headsh...,Photo courtesy of...,Boraan Abdulkarim...,interview,rootstalk-2017-sp...,True,abdulkarim-header...,,interview,,,,[]
volume-iii-issue-2,_index.md,"Volume III, Issue 2",,,Spring 2017,,,,,,,,,,rootstalk-2017-sp...,,,,,,,,"['issueIndex', 'pid']"
volume-iii-issue-2,moffett.md,Dead Gun,4,moffett,,27/01/2022 15:12:56,False,1,author,Sandy Moffett,Sandy_1.jpg,Photo courtesy of...,"Sandy Moffett, Em...",Short Story,rootstalk-2017-sp...,,,,"short story,essay",,,,['azure_headerimage']
volume-vi-issue-1,snouffer.md,'Prairie Science ...,,,,,False,1,author,Linda Snouffer,grinnell_28570_OB...,,Artist ***[Linda ...,Artist Closeup,rootstalk-2020-sp...,,,,,,,,['azure_headerimage']
volume-vi-issue-1,buck.md,One of the Stories,,,,,False,1,author,Pasha Buck,grinnell_28580_OB...,,***Pasha Buck*** ...,Short Story,rootstalk-2020-sp...,,,,,,,,['azure_headerimage']
volume-vi-issue-1,adair.md,Prairie Potholes ...,,,,,False,1,author,Steve Adair,grinnell_28597_OB...,,***Stephen E. Ada...,Essay,rootstalk-2020-sp...,,,,,,,,['azure_headerimage']
volume-vi-issue-1,brown.md,My Integrated Lif...,,,,,False,1,author,Dartanyan Brown,grinnell_28542_OB...,,***[Dartanyan Bro...,Memoir,rootstalk-2020-sp...,,,,"culture,essay,memoir",,,,['azure_headerimage']
volume-vi-issue-1,moffet.md,The Indoor Prairie,,,,,False,1,author,Sandy Moffett,grinnell_28588_OB...,,***Sandy Moffett*...,Photo Essay,rootstalk-2020-sp...,,,,,,,,['azure_headerimage']
volume-vi-issue-1,potter.md,Charlie Potter Ta...,,,,,False,1,author,Charlie Potter,grinnell_28533_OB...,,For over 30 years...,Interview,rootstalk-2020-sp...,,,,,,Interview by Asso...,,['azure_headerimage']
volume-vi-issue-1,baechtel.md,Editor's Note: Ra...,,,,,False,1,editor,Mark Baechtel,grinnell_28576_OB...,,***Mark Baechtel*...,Editor's Note,rootstalk-2020-sp...,,,,,,,,['azure_headerimage']
volume-vi-issue-1,drobney.md,Dean and Crosby: ...,,,,,False,1,author,Pauline Drobney,grinnell_28581_OB...,,***Pauline Drobne...,Book Review,rootstalk-2020-sp...,,,,,,,,['azure_headerimage']
volume-vi-issue-1,brew.md,A Glimpse into 'L...,,,,,False,1,author,Rexann Brew,grinnell_28584_OB...,,***Rexann Brew***...,Photo Essay,rootstalk-2020-sp...,,,,,,,,['azure_headerimage']
volume-vi-issue-1,andelson.md,Publisher's Note:...,,,,,False,1,publisher,Jon Andelson,grinnell_28566_OB...,,,Publisher's Note,rootstalk-2020-sp...,,,,"culture,essay,pub...",,,,['azure_headerimage']
volume-vi-issue-1,segner.md,Mixed-media Paint...,,,,,False,1,author,Anna Segner,grinnell_28519_OB...,,A Minnesota nativ...,Painting,rootstalk-2020-sp...,,,,,,,,['azure_headerimage']
volume-vi-issue-1,goldberg.md,*Silo*: Producing...,,,,,False,1,author,Samuel Goldberg,grinnell_28586_OB...,,*_[Samuel Goldber...,Essay,rootstalk-2020-sp...,,,,,,,,['azure_headerimage']
volume-vi-issue-1,kim.md,Health on the Pra...,,,,,False,1,author,Hye Sun Kim,grinnell_28556_OB...,,***Hye Sun Kim***...,Infographic,rootstalk-2020-sp...,,,,science,,,,['azure_headerimage']
volume-vi-issue-1,hansen.md,Changing with the...,,,,,False,2,interviewee,Jordan Hansen,grinnell_28567_OB...,,***Jordan Hansen*...,Interview,rootstalk-2020-sp...,,,,,,,,['azure_headerimage']
volume-vi-issue-1,beck.md,Luftig: A Grammar...,,,,,False,1,author,Mike Lewis-Beck,grinnell_28568_OB...,,***Mike Lewis-Bec...,Book Review,rootstalk-2020-sp...,,,,,,,,['azure_headerimage']
volume-vi-issue-1,kurtz.md,With a Camera in ...,,,,,False,1,author,Carl Kurtz,grinnell_28529_OB...,,***[Carl Kurtz]()...,Photo Essay,rootstalk-2020-sp...,,,,,,,,['azure_headerimage']
volume-vi-issue-1,Schaefer.md,Cultivating Music...,,,,,False,2,author,Emma Schaefer,grinnell_28544_OB...,,"Emma Schaefer, fr...",Essay,rootstalk-2020-sp...,,,,,,,,['azure_headerimage']
volume-vi-issue-1,beisner.md,MICA and the Uniq...,,,,,False,1,author,Sarah Beisner,grinnell_28589_OB...,,***Sarah Beisner*...,Essay,rootstalk-2020-sp...,,,,,,,,['azure_headerimage']
volume-vi-issue-1,perez.md,Video Essay,,,,,False,1,author,Sam Perez,grinnell_28587_OB...,,***Sam (Mirzam) P...,Video Essay,rootstalk-2020-sp...,,,,,,,,['azure_headerimage']
volume-vi-issue-1,dean.md,Prairie Transform...,,,,,False,1,author,Thomas Dean,grinnell_28604_OB...,,***Thomas  Dean  ...,Essay,rootstalk-2020-sp...,,,,,,,,['azure_headerimage']
volume-vi-issue-1,teigland.md,My Boyhood Days o...,,,,,False,1,author,John B. Teigland,grinnell_28565_OB...,,***John B. Teigla...,Personal Essay,rootstalk-2020-sp...,,,,,,,,['azure_headerimage']
volume-vi-issue-1,fatehpuria.md,Nature and Natura...,,,,,False,2,author,Aru Fatehpuria,,,,Closeup,rootstalk-2020-sp...,,,,arts,,,,['azure_headerimage']
volume-vi-issue-1,payne.md,Rescuing A 'Threa...,,,,,False,2,interviewee,Harvey Payne,grinnell_28554_OB...,,_*Harvey Payne*_ ...,Interview,rootstalk-2020-sp...,,,,,,,,['azure_headerimage']
volume-vi-issue-1,_index.md,"Volume VI, Issue 1",,,Spring 2020,,,,,,,,,,rootstalk-2020-sp...,,,,,,,,"['sidebar', 'pid', 'issueIndex']"
volume-vi-issue-1,fatehpuria2.md,Farm to Fork Tales,,,,,False,2,interviewee,Mary Swander,grinnell_28575_OB...,,Mary Swander is t...,Feature,rootstalk-2020-sp...,,,,,,,,['azure_headerimage']
volume-i-issue-1,_index.md,"Volume I, Issue 1",,,The inaugural iss...,,,,,,,,,,rootstalk-2015-sp...,,,,,,,,"['issueIndex', 'pid']"
volume-vii-issue-2,bower.md,'Imagination Is a...,3,,,,False,1,author,Betsy Bower,grinnell_29909_OB...,,Betsy Bower is a ...,Interview,rootstalk-2021-sp...,True,grinnell_29988_OB...,This header image...,small town issues...,,,,[]
volume-vii-issue-2,endangered-animals.md,Endagered Animals...,6,,,,False,,,,,,,Feature,rootstalk-2021-sp...,True,grinnell_29987_OB...,This header image...,"prairie fauna,bir...",,,,[]
volume-vii-issue-2,ross.md,Murder at A Midwe...,12,,,,False,1,author,Jason Ross,grinnell_29963_OB...,,***Jason Ross*** ...,Essay,rootstalk-2021-sp...,True,grinnell_29999_OB...,This header image...,"essay,history,pol...",,,,[]
volume-vii-issue-2,baechtel.md,Editor's Note: Th...,2,,,,False,3,editor,Mark Baechtel,grinnell_29901_OB...,,***Mark Baechtel*...,editor's note,rootstalk-2021-sp...,True,grinnell_29986_OB...,This header image...,"editor's note,per...",,,,[]
volume-vii-issue-2,kouchi.md,Water management ...,9,,,,False,1,author,Nina Kouchi,grinnell_29935_OB...,,***Nina Kouchi***...,Essay/Closeup,rootstalk-2021-sp...,True,grinnell_29996_OB...,This header image...,"essay,closeup,wat...",,,,[]
volume-vii-issue-2,andelson.md,Publisher's Note:...,1,,,,False,1,author,Jon Andelson,grinnell_29897_OB...,,***Jon Andelson**...,Publisher's Note,rootstalk-2021-sp...,True,grinnell_29985_OB...,This header image...,"publisher's note,...",,,,[]
volume-vii-issue-2,clotfelter.md,Harvesting Wheat ...,7,,,,False,1,author,Beryl Clotfelter,grinnell_29924_OB...,,Born in Oklahoma ...,Personal Essay,rootstalk-2021-sp...,True,grinnell_29990_OB...,This header image...,"personal essay,ag...",,,,[]
volume-vii-issue-2,boyce.md,"Sod House, Green ...",11,,,,False,1,author,Eric Bjorn Boyce,grinnell_29913_OB...,,***Eric Bjorn Boy...,video,rootstalk-2021-sp...,True,grinnell_29989_OB...,This header image...,"video,architectur...",,,,[]
volume-vii-issue-2,ottenstein.md,"'Land, Wind and S...",8,,,,False,1,author,David Ottenstein,grinnell_29947_OB...,,David Ottenstein ...,Photography,rootstalk-2021-sp...,True,grinnell_29997_OB...,This header image...,"appreciation,prai...",,,,[]
volume-vii-issue-2,johnson.md,Along the Way,5,,,,False,1,author,Shiraz Johnson,grinnell_29933_OB...,,***Shiraz Johnson...,Multimedia Essay,rootstalk-2021-sp...,True,grinnell_29991_OB...,This header image...,"personal essay,po...",,,,[]
volume-vii-issue-2,ojendyk.md,"Hillsdale, Illino...",4,,,,False,1,author,William Ojendyk,grinnell_29832_OB...,,[William Ojendyk]...,Photography,rootstalk-2021-sp...,True,grinnell_29831_OB...,This header image...,photography,,,,[]
volume-vii-issue-2,taylor.md,Texas's Changing ...,10,,,,False,1,author,Craig Taylor,grinnell_29972_OB...,,***Craig Taylor**...,Interview,rootstalk-2021-sp...,True,grinnell_29971_OB...,This header image...,"interview,invasiv...",,,,[]
volume-vii-issue-2,_index.md,"Volume VII, Issue 2",,,Spring 2021,,,,,,,,,,rootstalk-2021-sp...,,,,,,,,"['sidebar', 'pid', 'issueIndex']"
volume-iv-issue-1,clark.md,Two Poems,,clark,,08/11/2021 13:37:14,False,1,author,Hannah Clark,Hannah_Clark.png,Photo courtesy of...,Hannah Clark has ...,poem,rootstalk-2017-fall,True,clark-header.jpg,,poem,,,,[]
volume-iv-issue-1,burt-volume-iv-issue-1.md,Prairie Burn,,,,,False,,,,,,,,rootstalk-2017-fall,,,,,,,,"['author', 'azure_headerimage', 'azure_headshot', 'authorbio']"
volume-iv-issue-1,rideout.md,Selections from '...,,rideout,Short fiction by ...,08/11/2021 13:37:14,False,1,author,Molly Rideout,Molly_Rideout_col...,Photo courtesy of...,Molly Rideout’s f...,short fiction,rootstalk-2017-fall,,,,short fiction,,,,['azure_headerimage']
volume-iv-issue-1,publisher.md,The Community in ...,,publisher,,08/11/2021 13:37:14,False,1,author,Jon Andelson,Jon_autumn_headsh...,Photo courtesy of...,Jon Andelson is t...,publisher's note,rootstalk-2017-fall,,,,"publisher's note,...",,,,['azure_headerimage']
volume-iv-issue-1,editor.md,Associate Editor'...,,editor,,08/11/2021 13:37:14,False,1,associate editor,Emily Mamrak,Emily_headshot.jpg,Photo courtesy of...,Emily Mamrak is a...,Editor's Note,rootstalk-2017-fall,,,,"Editor's Note,per...",,,,['azure_headerimage']
volume-iv-issue-1,lewis-beck.md,Two Poems,,lewis-beck,,08/11/2021 13:37:14,False,1,author,Mike Lewis-Beck,Lewis-Beck-07-04-...,Photo courtesy of...,"Mike Lewis-Beck, ...",poem,rootstalk-2017-fall,,,,poem,,,,['azure_headerimage']
volume-iv-issue-1,dunham.md,"Animal, Vegetable...",,dunham,,08/11/2021 13:37:14,False,1,author,Arthur Grinnell D...,Dunham_headshot.jpg,Photo courtesy of...,Arthur Grinnell D...,Interview,rootstalk-2017-fall,True,dunham-header.jpg,,interview,,,,[]
volume-iv-issue-1,jackson.md,Saving the Monarc...,,jackson,,08/11/2021 13:37:14,False,1,author,Laura J. Jackson,Jackson_headshot_...,Photo courtesy of...,[Laura Jackson](h...,Essay,rootstalk-2017-fall,,,,essay,,,,['azure_headerimage']
volume-iv-issue-1,luftig.md,Three Poems,,luftig,,08/11/2021 13:37:14,False,1,poet,Richard Luftig,Luftig_headshot.jpg,Photo courtesy of...,Richard Luftig is...,poem,rootstalk-2017-fall,True,luftig-header.jpg,,poem,,,,[]
volume-iv-issue-1,birds.md,Birds of the Prairie,,birds,,08/11/2021 13:37:14,False,1,photographer,Ken Saunders,,,,photography,rootstalk-2017-fall,,,,photography,,,,['azure_headerimage']
volume-iv-issue-1,chirdon.md,Short fiction by ...,,chirdon,,08/11/2021 13:37:14,False,1,author,Quentin Chirdon,Q_Chirdon_Headsho...,Photo courtesy of...,Quentin Chirdon h...,Fiction,rootstalk-2017-fall,,,,"fiction,short story",,,,['azure_headerimage']
volume-iv-issue-1,bernal.md,A Farmer for Two ...,,bernal,,06/11/2021 13:25:44,False,1,author,Mary Rose Bernal,maryroseheadshot.jpg,Photo courtesy of...,Mary Rose Bernal ...,Personal Essay,rootstalk-2017-fall,True,bernal-header.jpg,,essay,,,,[]
volume-iv-issue-1,munoz.md,Photography,,munoz,,08/11/2021 13:37:14,False,1,photographer,Oliver Muñoz,,,,photography,rootstalk-2017-fall,True,munoz-header.jpg,,photography,,,True,[]
volume-iv-issue-1,kugel.md,The Moon Shines o...,,kugel,,08/11/2021 13:37:14,False,,,,,,,Video,rootstalk-2017-fall,,,,video essay,,,,['azure_headerimage']
volume-iv-issue-1,mutel.md,Roots Talk! Episo...,,mutel,A Podcast Intervi...,08/11/2021 13:37:14,False,4,interviewer,Marie Kolaric,,,,Podcast Interview,rootstalk-2017-fall,True,mutel-header.jpg,,"podcast,interview",,,,[]
volume-iv-issue-1,freeberg.md,Growing A House i...,,freeburg,,08/11/2021 13:37:14,False,1,author,John Freeberg,farmhouse1.png,Photo by Werner E...,John Freeberg has...,Essay,rootstalk-2017-fall,True,freeburg-header.jpg,,essay,,,,[]
volume-iv-issue-1,_index.md,"Volume IV, Issue 1",,,Fall 2017,,,,,,,,,,rootstalk-2017-fall,,,,,,,,"['issueIndex', 'sidebar', 'pid']"
volume-iv-issue-1,evans-volume-iv-issue-1.md,Live Theatre and ...,,,,2021-11-03 08:25:58,False,1,author,Abigail Evans,evans_headshot_cr...,,Abigail Evans is ...,Essay,rootstalk-2017-fall,True,evans-header.jpg,,"Essay,arts,history",,,,[]
volume-iv-issue-1,moffett.md,Addiction,,moffett,,08/11/2021 13:37:14,False,1,author,Sandy Moffett,Sandy_1.jpg,Photo courtesy of...,"Sandy Moffett, Em...",Essay,rootstalk-2017-fall,,,,essay,,,,['azure_headerimage']
volume-v-issue-1,what-do-you-think-community-is.md,What Do You Think...,,,What's the best w...,2020-08-06 15:59:41,False,1,author,Kaitie Hess,grinnell_28450_OB...,,Kaitie Hess is a ...,Photo Essay,rootstalk-2018-fall,,,,Photo Essay,,,,['azure_headerimage']
volume-v-issue-1,editors-note-VolV_Issue1.md,We Contain Multit...,,,In a community wr...,2020-10-26 18:24:01,False,1,editor,Mark Baechtel,,,,Editor's Note,rootstalk-2018-fall,,,,Editor's Note,,,,['azure_headerimage']
volume-v-issue-1,welcoming-the-world-to-our-farm.md,"Pony Rides, Vice-...",,,A farm is many th...,2020-08-06 15:59:41,False,1,author,Shirley Moyer,grinnell_28445_OB...,,Shirley Moyer was...,Memoir,rootstalk-2018-fall,,,,Memoir,,Welcoming the Wor...,,['azure_headerimage']
volume-v-issue-1,roots-talk-podcast-ep-5.md,Roots Talk! Podca...,,,In Rootstalk's fi...,2020-12-14 17:32:05,False,3,interviewee,Brandi Janssen,,,[Brandi Janssen](...,Podcast,rootstalk-2018-fall,,,,Podcast,Brandi Janssen,What Local Foods ...,,['azure_headerimage']
volume-v-issue-1,a-place-to-call-home.md,A Place to Call Home,,,"A ""rubber band co...",2020-10-26 18:22:27,False,1,author,Bridget Brandt,grinnell_28445_OB...,,Bridget Brandt gr...,Memoir,rootstalk-2018-fall,,,,Memoir,,,,['azure_headerimage']
volume-v-issue-1,publishers-note-VolV-Issue1.md,It Takes a Villag...,,,"What does ""commun...",2020-08-06 15:59:41,False,1,publisher,Jon Andelson,grinnell_28446_OB...,,*Jon Andelson* is...,Publisher's Note,rootstalk-2018-fall,,,,Publisher's Note,,,,['azure_headerimage']
volume-v-issue-1,community-commons-ecological-restoration.md,"Community, Common...",,,How do we reverse...,2020-08-06 04:59:25,False,1,author,Joshua Lockyer,,,"[Joshua Lockyer, ...",Essay,rootstalk-2018-fall,,,,Essay,,,,"['headerimage', 'azure_headerimage']"
volume-v-issue-1,closeup-regan-golden.md,Regan Golden,,,To depict ecologi...,2020-08-06 15:54:23,False,1,artist,Regan Golden,grinnell_28440_OB...,,[Regan Golden](ht...,Closeup,rootstalk-2018-fall,,,,Closeup,,,,"['author', 'azure_headerimage']"
volume-v-issue-1,cheyenne-bottoms.md,Cheyenne Bottoms,,,During the yearly...,2020-08-06 04:58:10,False,1,author,Alicia DeHaan,,,,Essay,rootstalk-2018-fall,,,,Essay,,The Indispensible...,,"['headerimage', 'azure_headerimage']"
volume-v-issue-1,little-prairie-on-the-freeway.md,Little Prairie On...,,,Blake said we can...,2020-08-06 05:04:41,False,1,author,Cindy Crosby,,,,Essay,rootstalk-2018-fall,,,,Essay,,,,"['headerimage', 'azure_headerimage']"
volume-v-issue-1,jumping-into-the-void.md,Jumping Into the ...,,,What does an arti...,2020-12-11 22:31:00,False,2,interviewee,Sarah Kargol,,,[Sarah Kargol](ht...,Interview,rootstalk-2018-fall,,,,Interview,,Creating a Commun...,,['azure_headerimage']
volume-v-issue-1,healing-the-smallest-casualty.md,Healing the Small...,,,It's a long way f...,2020-08-06 15:55:38,False,1,author,Randall Hotchkin,grinnell_28442_OB...,,[Randall Hotchkin...,Personal Essay,rootstalk-2018-fall,,,,Personal Essay,,,,['azure_headerimage']
volume-v-issue-1,on-the-changing-nature-of-the-obituary.md,On the Changing N...,,,Want to know how ...,2020-08-06 15:59:41,False,1,author,Mary Kay Shanley,grinnell_28443_OB...,,[Mary Kay Shanley...,Essay,rootstalk-2018-fall,,,,Essay,,,,['azure_headerimage']
volume-v-issue-1,two-poems-richard-luftig.md,Two Poems,,,Richard Luftig's ...,2020-08-06 15:59:41,False,1,author,Richard Luftig,grinnell_28444_OB...,,Richard Luftig is...,Poetry,rootstalk-2018-fall,,,,Poetry,,,,['azure_headerimage']
volume-v-issue-1,two-poems-rodney-nelson.md,Two Poems,,,In this poet's wo...,2020-08-06 16:33:19,False,1,author,Rodney Nelson,grinnell_28438_OB...,,Rodney Nelson’s w...,Poetry,rootstalk-2018-fall,,,,Poetry,,,,['azure_headerimage']
volume-v-issue-1,building-the-agricultural-city.md,Building The Agri...,,,"This contributor,...",2020-08-06 15:53:42,False,1,author,Fred Kirschenmann,grinnell_28449_OB...,,[Frederick L. Kir...,Book Review,rootstalk-2018-fall,,,,Book Review,,*A Handbook for R...,,['azure_headerimage']
volume-v-issue-1,mammals-of-the-prairie.md,Mammals of the Pr...,,,In this issue we'...,2020-08-06 15:48:30,False,2,photographer,Bruce Leventhal,,,,Multimedia,rootstalk-2018-fall,,,,Multimedia,Leventhal and Sau...,,,"['azure_headerimage', 'pdf_dg']"
volume-v-issue-1,extraction-roots-energy-plains.md,"Extraction, Roots...",,,This scholar of N...,2020-08-06 15:55:03,False,1,author,Sebastian Braun,grinnell_28441_OB...,,[Sebastian Braun]...,Essay,rootstalk-2018-fall,,,,Essay,,,,['azure_headerimage']
volume-v-issue-1,first-taste-of-freedom.md,A Child's First T...,,,"A costume, a pill...",2020-08-06 13:49:54,False,1,author,Sam Cox,grinnell_28431_OB...,,Sam Cox is the pr...,Memoir,rootstalk-2018-fall,,,,Memoir,,,,['azure_headerimage']
volume-v-issue-1,worthless-rocks.md,Worthless Rocks,,,On any given outi...,2020-10-26 18:24:44,False,1,author,John C. Whittaker,whittaker-headsho...,,[John Whittaker](...,Essay,rootstalk-2018-fall,True,arrowheads.jpg,,Essay,,,,[]
volume-v-issue-1,two-poems-john-grey.md,Two Poems,,,The poet--an Aust...,2020-08-06 05:08:57,False,1,author,John Grey,,,,Poetry,rootstalk-2018-fall,,,,Poetry,,,,"['headerimage', 'azure_headerimage']"
volume-v-issue-1,my-integrated-life-pt-1.md,My Integrated Life,,,"Musician, journal...",2020-08-06 05:05:14,False,1,author,Dartanyan Brown,brown-headshot.png,,Dartanyan Brown i...,Essay,rootstalk-2018-fall,True,brown-header.png,,Essay,,Part 1,,[]
volume-v-issue-1,_index.md,"Volume V, Issue 1",,,Fall 2018,,,,,,,,,,rootstalk-2018-fall,,,,,,,,"['issueIndex', 'sidebar', 'pid']"
volume-v-issue-1,the-hottest-car-in-town.md,The Hottest Car i...,,,There was a time ...,2020-08-06 15:59:41,False,1,author,Allan Moyer,grinnell_28448_OB...,,Allan Moyer was b...,Memoir,rootstalk-2018-fall,,,,Memoir,,,,['azure_headerimage']
volume-ii-issue-2,thomasch-2.md,“We Lived There O...,13,thomasch-2,,05/10/2022 21:25:24,False,1,author,Emma Thomasch,,, ,,rootstalk-2016-sp...,True,,," , ",,,,[]
volume-ii-issue-2,herrnstadt.md,,16,herrnstadt,,05/10/2022 21:25:24,False,1,author,,,, ,,rootstalk-2016-sp...,True,,," , ",,,,[]
volume-ii-issue-2,harris-love.md,Minnesota is a Te...,15,harris-love,,05/10/2022 21:25:24,False,1,author,Michelle Harris-Love,Harris_Love.jpg,Photo courtesy of...,Michelle Harris-L...,,rootstalk-2016-sp...,True,,," , ",,,,[]
volume-ii-issue-2,arena.md,Jana the Biking B...,,arena,,08/11/2021 13:38:17,False,3,Interviewee,Jana Kinsman,AA_BikeaBee_JanaP...,Photo courtesy of...,Jana Kinsman is a...,,rootstalk-2016-sp...,True,arena-header.jpg,," , ",,,,[]
volume-ii-issue-2,kaiser.md,Albert Kahn’s Arc...,9,kaiser,,05/10/2022 21:25:24,False,1,author,Dan Kaiser,Dan_Kaiser_headsh...,Photo courtesy of...,Dan Kaiser is ret...,,rootstalk-2016-sp...,True,,," , ",,,,[]
volume-ii-issue-2,carl.md,Barn Quilts in Po...,14,carl,,05/10/2022 21:25:24,False,1,author,Janet Carl,Janet_Carl_(2).jpg,Photo courtesy of...,Janet Carl is the...,,rootstalk-2016-sp...,True,,," , ",,,,[]
volume-ii-issue-2,johnson.md,Up Hill Both Ways...,8,johnson,,05/10/2022 21:25:24,False,2,author,Helen Johnson,Helen_Johnson_(1)...,Photo courtesy of...,Helen Ikerd Johns...,,rootstalk-2016-sp...,True,johnson-header.png,," , ",,,,[]
volume-ii-issue-2,kyaruzi.md,Underground Skies,10,kyaruzi,,05/10/2022 21:25:24,False,1,author,Ajuna Kyaruzi,Kyaruzi-headshot.jpg,Photo courtesy of...,Ajuna Kyaruzi is ...,,rootstalk-2016-sp...,True,,," , ",,,,[]
volume-ii-issue-2,duncombe-mills.md,Photo Essay,7,duncombe-mills,,05/10/2022 21:25:24,False,1,author,Elle Duncombe-Mills,Duncombe_Mills_cr...,Photo courtesy of...,Elle Azul Duncomb...,,rootstalk-2016-sp...,True,,," , ",,,True,[]
volume-ii-issue-2,weeks.md,What I Learned at...,,weeks,,08/11/2021 13:38:17,False,1,author,Dan Weeks,Weeks_photo.jpg,Photo courtesy of...,Dan Weeks (danwwe...,,rootstalk-2016-sp...,True,weeks-header.jpg,," , ",,,,[]
volume-ii-issue-2,kincaid.md,Rabbit Drive,12,kincaid,,05/10/2022 21:25:24,False,1,author,Todd Kincaid,TKguitar-2.jpg,Photo courtesy of...,Todd Kincaid is a...,,rootstalk-2016-sp...,True,,," , ",,,,[]
volume-ii-issue-2,thomasch-1.md,Breaking the Sile...,11,thomasch-1,,05/10/2022 21:25:24,False,2,Author,Emma Thomasch,,,,,rootstalk-2016-sp...,True,,," , ",,,,[]
volume-ii-issue-2,snow.md,Poetry of Cultura...,,snow,,08/11/2021 13:38:17,False,1,author,Stephanie Snow,GetUserPhoto.jpg,Photo courtesy of...,Stephanie Snow is...,,rootstalk-2016-sp...,True,snow-header.jpg,," , ",,,,[]
volume-ii-issue-2,_index.md,"Volume II, Issue 2",,,Spring 2016,,,,,,,,,,rootstalk-2016-sp...,,,,,,,,"['issueIndex', 'pid']"
volume-iii-issue-1,haldy.md,Long Player: 33 1...,13,haldy,,01/04/2022 08:58:15,False,1,author,Lanny Haldy,Haldy_crop.jpg,Photo courtesy of...,Lanny Haldy recei...,,rootstalk-2016-fall,,,,essay,,,,['azure_headerimage']
volume-iii-issue-1,saunders.md,Closeup: Ken Saun...,16,saunders,,01/04/2022 08:58:15,False,1,author,Ken Saunders,HUMN_-_16-0710_-_...,Photo courtesy of...,,,rootstalk-2016-fall,,,,"closeup,essay",,,,['azure_headerimage']
volume-iii-issue-1,gray.md,"“One Clover, and ...",5,gray,,01/04/2022 08:58:15,False,1,author,Amanda Gray,Gray_headshot1.png,Photo courtesy of...,Amanda Gray is a ...,Essay,rootstalk-2016-fall,,,,essay,,,,['azure_headerimage']
volume-iii-issue-1,publisher.md,Publisher's Note,1,publisher,,01/04/2022 08:58:15,False,1,publisher,Jonathan Andelson,Jon_Headshot.jpg,Photo courtesy of...,"Director, The Cen...",,rootstalk-2016-fall,,,,publisher's note,,,,['azure_headerimage']
volume-iii-issue-1,melis.md,Closeup: Rachel M...,8,melis,,01/04/2022 08:58:15,False,1,subject,Rachel Melis,Melis_headshot_cr...,Photo courtesy of...,Rachel Melis is a...,,rootstalk-2016-fall,,,," , ",,,,['azure_headerimage']
volume-iii-issue-1,lee.md,The Cost of Oppor...,2,lee,,01/04/2022 08:58:15,False,1,author,John P. Lee,JLee_headshot_(1)...,Photo courtesy of...,John P. Lee is a ...,,rootstalk-2016-fall,,,,essay,,,,['azure_headerimage']
volume-iii-issue-1,non-article-media.md,,17,non-article-media,,01/04/2022 08:58:15,True,2,author,,,,,,rootstalk-2016-fall,,,," , ",,,,['azure_headerimage']
volume-iii-issue-1,queathem.md,Confronting Clima...,7,queathem,,01/04/2022 08:58:15,False,1,author,Elizabeth J. Quea...,,Photo courtesy of...,Liz Queathem is S...,,rootstalk-2016-fall,,,,essay,,,,['azure_headerimage']
volume-iii-issue-1,griffin.md,Sanctuary,10,griffin,,01/04/2022 08:58:15,False,2,author,Molly Beth Griffin,Molly_Beth_Griffi...,Photo courtesy of...,[Molly Beth Griff...,,rootstalk-2016-fall,,,,"poem,illustration",,,,['azure_headerimage']
volume-iii-issue-1,woodward.md,Untitled,12,woodward,,01/04/2022 08:58:15,False,1,artist,Tilly Woodward,Tilly_Woodward.jpg,Photo courtesy of...,[Tilly Woodward](...,,rootstalk-2016-fall,,,,art,,,,['azure_headerimage']
volume-iii-issue-1,wiewiora.md,Cardinal,4,wiewiora,,01/04/2022 08:58:15,False,1,author,Chris Wiewora,HEADSHOT_Chris_Wi...,Photo courtesy of...,[Chris Wiewiora](...,,rootstalk-2016-fall,,,,essay,,,,['azure_headerimage']
volume-iii-issue-1,cavanaugh.md,A Girl's Song - F...,3,cavanaugh,,01/04/2022 08:58:15,False,1,author,Michael Cavanagh,Michael_Cavanaugh...,Photo courtesy of...,[Michael Cavanagh...,poem,rootstalk-2016-fall,,,,poem,,,,['azure_headerimage']
volume-iii-issue-1,evans.md,Fingerprints,9,evans,,01/04/2022 08:58:15,False,1,author,Ethan Starr Evans,Evans_crop.jpg,Photo courtesy of...,Ethan Starr Evans...,poem,rootstalk-2016-fall,,,,poem,,,,['azure_headerimage']
volume-iii-issue-1,aresty-marek.md,The Sound of Touc...,11,aresty-marek,,01/04/2022 08:58:15,False,2,author,Abby Aresty,ArestyPhoto.jpg,Photo courtesy of...,[Dr. Abby Aresty]...,Essay,rootstalk-2016-fall,,,,article,,,,['azure_headerimage']
volume-iii-issue-1,meanders.md,Prairie Meanders:...,15,meanders,,01/04/2022 08:58:15,False,3,artist,Lesley Delmenico,Leslie_crop.jpg,Photo courtesy of...,Lesley Delmenico'...,,rootstalk-2016-fall,,,,art,,,,['azure_headerimage']
volume-iii-issue-1,prindaville.md,Shelby Prindavill...,14,prindaville,,01/04/2022 08:58:15,False,1,painter,Shelby Prindaville,PrindavilleS_Phot...,Photo courtesy of...,Shelby Prindavill...,Media,rootstalk-2016-fall,,,,"paintings,art,media",,,,['azure_headerimage']
volume-iii-issue-1,_index.md,"Volume III, Issue 1",,,Fall 2016,,,,,,,,,,rootstalk-2016-fall,,,,,,,,"['issueIndex', 'pid']"
volume-iv-issue-2,manoylov-peaches-meet-corn.md,"Peaches, Meet Corn",,,"In this essay, a ...",2021-09-30 20:37:23,False,,,,,,,Essay,rootstalk-2018-sp...,,,,"personal essay,es...",,,,"['author', 'azure_headerimage', 'azure_headshot', 'authorbio']"
volume-iv-issue-2,gnosis.md,Gnosis,,,"The word ""gnosis""...",2017-12-14 07:41:18,False,,,,,,,Poetry,rootstalk-2018-sp...,,,,,,,,"['author', 'azure_headshot', 'azure_headerimage', 'authorbio']"
volume-iv-issue-2,lac-la-biche-mission.md,The Heart of the ...,,,Our first contrib...,2020-01-07 06:26:54,False,1,author,Jennifer Mueller,mueller-headshot-...,,**_Jennifer Muell...,Essay,rootstalk-2018-sp...,,,,,,The Lac La Biche ...,,['azure_headerimage']
volume-iv-issue-2,closeup-keith-kozloff.md,Photo Essay,,,Keith Kozloff dis...,2017-12-11 08:25:58,False,,,,,,,Closeup,rootstalk-2018-sp...,,,,,,,,"['author', 'azure_headerimage', 'azure_headshot', 'authorbio']"
volume-iv-issue-2,roots-talk-podcast-ep-4.md,Roots Talk! Podca...,,,Audio producers N...,2017-12-12 03:49:00,False,2,Audio Producer,Noah Herbin,,,,Podcast,rootstalk-2018-sp...,True,podcast-episode-4...,This header image...,,,The State of CAFOs,,[]
volume-iv-issue-2,from-my-table-to-yours.md,From My Table to ...,,,A small-town rest...,2021-10-01 13:03:19,False,,,,,,,Essay,rootstalk-2018-sp...,,,,,,,,"['author', 'azure_headerimage', 'azure_headshot', 'authorbio']"
volume-iv-issue-2,making-room.md,Making Room,,,A room isn't just...,2020-01-07 06:07:29,False,,,,,,,Poetry,rootstalk-2018-sp...,,,,,,,,"['author', 'azure_headerimage', 'azure_headshot', 'authorbio']"
volume-iv-issue-2,open-door.md,Open Door,,,A Georgia poet ce...,2017-12-03 03:27:25,False,1,poet,Fabrice Poussin,poussin-headshot-...,,[Fabrice Poussin]...,Poetry,rootstalk-2018-sp...,True,poussin-header-op...,This header image...,,,,,[]
volume-iv-issue-2,peace-rock.md,The Peace Rock,,,How could a hunk ...,2017-12-09 05:43:13,False,1,author,Byron Hueftle-Worley,byron-hueftle-wor...,,**_Byron Hueftle-...,Local History,rootstalk-2018-sp...,True,peace-rock.jpg,,,,,,[]
volume-iv-issue-2,pieta-brown-in-concert.md,Pieta Brown in Co...,,,Our reviewer cove...,2017-12-12 04:24:31,False,1,author,Kelly Hansen Maher,hansen-maher-head...,,[Kelly Hansen Mah...,Music review,rootstalk-2018-sp...,True,hansen-maher-head...,This header image...,,,,,[]
volume-iv-issue-2,closeup-kristine-heykants.md,Photo Essay,,,This Twin-cities ...,2017-12-13 06:46:12,False,,,,,,,Closeup,rootstalk-2018-sp...,,,,,,,,"['author', 'azure_headerimage', 'azure_headshot', 'authorbio']"
volume-iv-issue-2,johansson-his-ambassador.md,His Ambassador,,,Grief is this wri...,2021-09-23 19:21:50,False,,,,,,,Essay,rootstalk-2018-sp...,,,,,,,,"['author', 'azure_headerimage', 'azure_headshot', 'authorbio']"
volume-iv-issue-2,this-old-house.md,This Old House,,,When you move int...,2017-12-11 06:08:40,False,1,author,Sam Pérez,perez-headshot-vo...,,[Sam Pérez](http:...,Essay,rootstalk-2018-sp...,True,perez-header-this...,This header image...,,,,,[]
volume-iv-issue-2,ode-to-the-honey-bee.md,Ode to the Honey Bee,,,The poet confers ...,2020-01-05 08:46:45,False,1,Poet,Ethan Kenvarg,kenvarg-headshot-...,,[Ethan Kenvarg](h...,Poetry,rootstalk-2018-sp...,True,bee-header.png,This header image...,,,,,[]
volume-iv-issue-2,night-as-controlled-prairie-fire.md,Think of night as...,,,Our issue's third...,2020-01-06 23:05:19,False,1,poet,Clare Jones,jones-headshot-vo...,,*Clare Jones* was...,Poetry,rootstalk-2018-sp...,True,jones-header-nigh...,This header image...,,,,,[]
volume-iv-issue-2,editors-note-VolIV_Issue2.md,Time For A Roadtrip,,,When the spring c...,2019-05-29 21:08:24,False,1,editor,Mark Baechtel,baechtel-headshot...,,*Mark Baechtel* r...,Editor's Note,rootstalk-2018-sp...,True,baechtel-header-e...,,,,,,[]
volume-iv-issue-2,growing-up-in-kansas.md,Growing Up in Kansas,,,Anthropologist Do...,2017-12-08 05:21:13,False,,,,,,,Local History,rootstalk-2018-sp...,,,,,,,,"['author', 'azure_headerimage', 'azure_headshot', 'authorbio']"
volume-iv-issue-2,roadtrip.md,Roadtrip,,,What's an East Co...,2020-11-11 23:42:44,False,1,author,Tracy Harris,harris-headshot-v...,,Tracy Harris is a...,Essay,rootstalk-2018-sp...,True,harris-roadtrip-h...,This header image...,,,,,[]
volume-iv-issue-2,two-poems-bill-graeser.md,Two Poems,,,This poet turns t...,2017-12-11 19:49:06,False,1,poet,Bill Graeser,graeser-headshot-...,,"[Bill Graeser,](h...",Poetry,rootstalk-2018-sp...,True,graeser-header-tw...,Photo of an Ameri...,,,,,['azure_headerimage']
volume-iv-issue-2,publishers-note-VolIV_Issue2.md,"Sight, Sound and ...",,,As a multimedia j...,2017-12-01 00:00:00,False,1,Publisher,Jon Andelson,andelson-headshot...,,Jon Andelson is t...,Publisher's note,rootstalk-2018-sp...,True,andelson-header-p...,This header image...,,,,,[]
volume-iv-issue-2,roots-talk-podcast-ep-3.md,Roots Talk! Podca...,,,In the first of t...,2020-01-06 23:27:55,False,1,Audio Producer,Noah Herbin,,,,Podcast,rootstalk-2018-sp...,True,podcast-episode-3...,,,,Kernza: Grain Tha...,,[]
volume-iv-issue-2,roots-of-stone.md,Roots of Stone,,,When this Minneso...,2017-12-11 06:57:06,False,,,,michele-brennhofe...,,,Memoir,,,,,,,,,"['author', 'headerimage', 'authorbio']"
volume-iv-issue-2,birds-of-the-prairie-vol-iv-issue-2.md,Birds of the Prairie,,,In this issue we ...,2020-11-11 23:56:53,False,,,,,,,Multimedia,rootstalk-2018-sp...,,,,,,,,"['azure_headerimage', 'azure_headshot']"
volume-iv-issue-2,finding-the-lost-duck.md,Finding the Lost ...,,,Where can you fin...,2017-12-14 07:58:32,False,,,,,,,Essay,rootstalk-2018-sp...,,,,,,,,"['author', 'azure_headshot', 'azure_headerimage', 'authorbio']"
volume-iv-issue-2,travel-by-starlight.md,Travel by Starlight,,,Roadtrips aren't ...,2020-01-06 00:35:27,False,1,author,Stephanie L. Harper,stephanie-harper.jpg,,[**_Stephanie L. ...,Poetry,rootstalk-2018-sp...,True,travel-by-starlig...,,,,,,[]
volume-iv-issue-2,_index.md,"Volume IV, Issue 2",,,Spring 2018,,,,,,,,,,rootstalk-2018-sp...,,,,,,,,"['issueIndex', 'sidebar', 'pid']"
volume-vii-issue-1,keleher.md,A Conversation ab...,,,,2021-05-19,False,1,author,Clay Bonnyman Evans,grinnell_29574_OB...,,[Clay Bonnyman Ev...,Interview,rootstalk-2020-fall,,,,,,,,['azure_headerimage']
volume-vii-issue-1,andelson-maya.md,A Summer's Day on...,1,,,,False,1,author,Maya Andelson,grinnell_29544_OB...,,***Maya Andelson*...,Video Essay,rootstalk-2020-fall,,,,,,,,['azure_headerimage']
volume-vii-issue-1,sherpa.md,From Bhutan to Om...,,,,,False,1,author,Tenzing Sherpa,grinnell_29665_OB...,,Tenzing Sherpa is...,,rootstalk-2020-fall,,,,,,,,['azure_headerimage']
volume-vii-issue-1,tibatemwa.md,Infographic: How ...,,,,,False,1,author,Elisha Tibatemwa,grinnell_29556_OB...,,***Elisha Tibatem...,Infographic,rootstalk-2020-fall,,,,infographic,,,,['azure_headerimage']
volume-vii-issue-1,yuan.md,Two Poems,,,,,False,1,author,Changming Yuan,grinnell_29606_OB...,,***Changming Yuan...,,rootstalk-2020-fall,,,,,,,,['azure_headerimage']
volume-vii-issue-1,miller.md,Interactive Prair...,,,,2021-05-19,False,1,author,Oona Miller,grinnell_29616_OB...,,***[Oona Miller](...,Multimedia,rootstalk-2020-fall,,,,,,,,['azure_headerimage']
volume-vii-issue-1,baechtel.md,After the Storm,,,,,False,1,author,Mark Baechtel,grinnell_29550_OB...,,***Mark Baechtel*...,Editor's Note,rootstalk-2020-fall,,,,,,,,['azure_headerimage']
volume-vii-issue-1,doherty.md,Barns of the Midw...,,,,2021-05-19,False,1,author,Mckenna Doherty,grinnell_29554_OB...,,***McKenna Dohert...,Video Essay,rootstalk-2020-fall,True,grinnell_29627_OB...,,,,,,[]
volume-vii-issue-1,arneson.md,The Politicians o...,,,,,False,1,author,Connor Arneson,grinnell_29694_OB...,,***Connor Arneson...,Audio Essay,rootstalk-2020-fall,,,,audio,,,,['azure_headerimage']
volume-vii-issue-1,andelson.md,Publisher's Note:...,,,,,False,1,author,Jon Andelson,grinnell_29542_OB...,,***Jon Andelson**...,Publisher's Note,rootstalk-2020-fall,,,,,,,,['azure_headerimage']
volume-vii-issue-1,goodall.md,Prairie Restorati...,,,,,False,1,author,Katie Goodall,grinnell_29564_OB...,,***Katie Goodall*...,Infographic,rootstalk-2020-fall,,,,infographic,,,,['azure_headerimage']
volume-vii-issue-1,getahun.md,Trees of the Prairie,,,,,False,1,author,Fit Getahun,grinnell_29562_OB...,,***Fit Getahun***...,,rootstalk-2020-fall,,,,,,,,['azure_headerimage']
volume-vii-issue-1,carr.md,To Understand the...,,,,,False,1,author,Sofia Carr,grinnell_29644_OB...,,***Sofia Carr ‘22...,,rootstalk-2020-fall,,,,,,,,['azure_headerimage']
volume-vii-issue-1,devany.md,Telehealth on the...,,,,,False,1,author,Mary DeVany,grinnell_29652_OB...,,Mary DeVany is th...,,rootstalk-2020-fall,,,,,,,,['azure_headerimage']
volume-vii-issue-1,ohlenbusch.md,'Freedom and Equa...,,,,,False,1,author,Agnes Ohlenbusch,grinnell_29596_OB...,,***Agnès Ohlenbus...,,rootstalk-2020-fall,,,,,,,,['azure_headerimage']
volume-vii-issue-1,commers.md,Visualizing Loss:...,,,,,False,1,author,Winnie Commers,grinnell_29648_OB...,,Winnie Commers is...,,rootstalk-2020-fall,,,,,,,,['azure_headerimage']
volume-vii-issue-1,meulemans.md,Memory in a Musta...,,,,,False,1,author,Ingrid Meulemans,grinnell_29588_OB...,,Ingrid Meulemans ...,,rootstalk-2020-fall,,,,,,,,['azure_headerimage']
volume-vii-issue-1,kreutzian.md,Exploring Minneso...,,,,,False,1,author,Nicki Kreutzian,grinnell_29578_OB...,,***Nicki Kreutzia...,,rootstalk-2020-fall,,,,,,,,['azure_headerimage']
volume-vii-issue-1,_index.md,"Volume VII, Issue 1",,,Fall 2020,,,,,,,,,,rootstalk-2020-fall,,,,,,,,"['sidebar', 'pid', 'issueIndex']"
volume-v-issue-2,sarnat.md,Prayerful Prairies,20,sarnat,,11/05/2022 16:56:07,False,1,author,Gerard Sarnat,Sarnat_headshot.jpg,Photo courtesy of...,Gerard Sarnat is ...,,rootstalk-2019-sp...,,,,poem,,,,['azure_headerimage']
volume-v-issue-2,clarke-curtis.md,Prairie Wildflowe...,14,clarke-curtis,,11/05/2022 16:56:07,False,2,author,Andy Hayes,Andrew_C_Hayes_DS...,Photo courtesy of...,Andy Hayes is the...,Multimedia Essay,rootstalk-2019-sp...,,,,prairie flora,,,,['azure_headerimage']
volume-v-issue-2,jain.md,Tortilla Pooris* ...,21,jain,,11/05/2022 16:56:07,False,1,author and interv...,Anjali B. Jain,Jain_headshot.jpg,Photo by Claire L...,Anjali Jain is an...,,rootstalk-2019-sp...,,,,interview,,,,['azure_headerimage']
volume-v-issue-2,mcbee.md,Ode to Liberty #6,15,mcbee,,11/05/2022 16:56:07,False,1,author,Mary Richardson M...,McBee_headshot.jpg,Photo courtesy of...,Mary Richardson M...,,rootstalk-2019-sp...,,,,essay,,,,['azure_headerimage']
volume-v-issue-2,brown.md,My Integrated Lif...,22,brown,,11/05/2022 16:56:07,False,1,author,Dartanyan Brown,Dartanyan_headsho...,Photo by Dan Welk...,Dartanyan Brown  ...,,rootstalk-2019-sp...,,,,"essay,story",,,,['azure_headerimage']
volume-v-issue-2,hanson.md,Seth Hanson’s “No...,17,hanson,,11/05/2022 16:56:07,False,2,interviewer,Ethan Evans,27947146_19828196...,Photograph by Pau...,Ethan Evans is a ...,,rootstalk-2019-sp...,,,,interview,,,,['azure_headerimage']
volume-v-issue-2,neems.md,Two poems,11,neems,,11/05/2022 16:56:07,False,1,author,Niki Neems,NikiHeadshotCropp...,Photo courtesy of...,Niki Neems receiv...,,rootstalk-2019-sp...,,,,poem,,,,['azure_headerimage']
volume-v-issue-2,brew.md,Finding the Midwe...,10,brew,,11/05/2022 16:56:07,False,1,author,Greg Brew,Greg_Brew_Portrai...,Photo courtesy of...,Greg Brew is Vice...,,rootstalk-2019-sp...,,,,essay,,,,['azure_headerimage']
volume-v-issue-2,publisher.md,Publisher’s Note:...,1,publisher,,11/05/2022 16:56:07,False,1,author,Jon Andelson,Andelson_headshot...,Photo courtesy of...,,,rootstalk-2019-sp...,,,,"publisher's note,...",,,,['azure_headerimage']
volume-v-issue-2,editor.md,Associate Editors,2,editor,,11/05/2022 16:56:07,False,,,,,,,Editor's Note,rootstalk-2019-sp...,,,,Editor's Note,,,True,['azure_headerimage']
volume-v-issue-2,lewis-beck.md,Two poems,16,lewis-beck,,11/05/2022 16:56:07,False,1,author,Mike Lewis-Beck,Lewis-Beck-07-04-...,Photo courtesy of...,Mike Lewis-Beck w...,,rootstalk-2019-sp...,,,,poem,,,,['azure_headerimage']
volume-v-issue-2,filler-material.md,Filler Material,23,filler-material,,11/05/2022 16:56:07,False,,,,,,,,rootstalk-2019-sp...,,,," , ",,,,['azure_headerimage']
volume-v-issue-2,boyce.md," 'Sunflower, Sunf...",13,boyce,,11/05/2022 16:56:07,False,2,interviewee,Bryan Boyce,Boyce_headshot2.jpg,Photo courtesy of...,Bryan Boyce grew ...,Interview,rootstalk-2019-sp...,,,,"interview,essay",,,,['azure_headerimage']
volume-v-issue-2,stowe.md,Sacrifice State: ...,3,stowe,,11/05/2022 16:56:07,False,1,interviewee,Bill Stowe,1.png,Photo courtesy of...,"Bill Stowe, the C...",,rootstalk-2019-sp...,,,,interview,,,,['azure_headerimage']
volume-v-issue-2,podcast.md,Roots Talk! Episo...,18,podcast,,11/05/2022 16:56:07,False,1,interviewee,Heather Swan,Heather_Swan_head...,Photo courtesy of...,,,rootstalk-2019-sp...,,,,"podcast,interview",,,,['azure_headerimage']
volume-v-issue-2,goodnature.md,Thoreau’s Home on...,19,goodnature,,11/05/2022 16:56:07,False,1,author,Paul Goodnature,Goodnature_headsh...,Photo courtesy of...,Paul Goodnature w...,,rootstalk-2019-sp...,,,,essay,,,,['azure_headerimage']
volume-v-issue-2,behar.md,Establishing Nati...,9,behar,,11/05/2022 16:56:07,False,1,author,Harriet Behar,Harriet_Behar_hea...,Photo courtesy of...,[Harriet Behar](h...,,rootstalk-2019-sp...,,,,essay,,,,['azure_headerimage']
volume-v-issue-2,white.md,Violence Against ...,5,white,,11/05/2022 16:56:07,False,2,author,Kandi White,White_headshot.jpg,Photo courtesy of...,Kandi White ([Man...,,rootstalk-2019-sp...,,,,", ",,,,['azure_headerimage']
volume-v-issue-2,cohen.md,The Greater Prair...,8,cohen,,11/05/2022 16:56:07,False,2,author,Ilana Cohen,,,,,rootstalk-2019-sp...,,,,"photo essay,media",,,,['azure_headerimage']
volume-v-issue-2,snodgrass.md,The Tools of Prai...,7,snodgrass,,11/05/2022 16:56:07,False,1,author,Rachel Snodgrass,Snodgrass_headsho...,Photo courtesy of...,Rachel Snodgrass ...,,rootstalk-2019-sp...,,,,"essay,infographic",,,,['azure_headerimage']
volume-v-issue-2,brandt.md,Literacy and Oppo...,12,brandt,,11/05/2022 16:56:07,False,2,interviewee,Deborah Brandt,headshot.jpg,Photo courtesy of...,Deborah Brandt is...,,rootstalk-2019-sp...,,,,"essay,interview",,,,['azure_headerimage']
volume-v-issue-2,_index.md,"Volume V, Issue 2",,,Spring 2019,,,,,,,,,,rootstalk-2019-sp...,,,,,,,,"['issueIndex', 'sidebar', 'pid']"
volume-v-issue-2,moffett.md,Why Drive to Cent...,4,moffett,,11/05/2022 16:56:07,False,1,author,Sandy Moffett,Moffett_headshot.png,Photo courtesy of...,"Sandy Moffett, Em...",,rootstalk-2019-sp...,,,,essay,,,,['azure_headerimage']
